variant,seed,beskrivelse,trær,valid_MAE,test_MAE,test_baseline_MAE,test_MAE_24_31_des,forbedring_%,valid_diff_mot_B,test_diff_mot_B,valid_KI,test_KI
V0,0,Gammelt oppsett,701,95.08417999215513,102.45144971629581,107.40592036050761,100.71311530056371,4.612846878069787,0.3372374534753675,-2.596665181330394,"[+0.02, +0.64]","[-3.87, -1.26]"
V1,0,+ statistikk fra alle rader,474,94.39368297428312,102.30519556035959,107.21371147650314,102.57539432869719,4.578253889866768,-0.3532595643966374,-2.7429193372666134,"[-0.70, +0.00]","[-4.05, -1.38]"
V2,0,+ ny kalender,312,94.49210614299099,102.3587288432053,107.06114621786382,81.24194599918704,4.392272585134993,-0.2548363956887698,-2.6893860544209076,"[-0.54, +0.03]","[-3.79, -1.64]"
V3,0,+ uten antall-feature,391,94.42789344922518,101.69078274529186,107.06114621786382,79.41834030045655,5.016164745372298,-0.3190490894545803,-3.357332152334351,"[-0.64, -0.00]","[-4.46, -2.33]"
V4,0,+ nye treningsrader,520,94.24091918779875,103.12324807660725,107.06114621786382,81.6549575618428,3.678176705901459,-0.5060233508810086,-1.9248668210189521,"[-0.78, -0.21]","[-2.63, -1.21]"
V5,0,"+ kun fortid, ukentlig",470,94.33195554147954,105.22658852803819,105.96797829721682,84.31029982186938,0.6996356645582069,-0.4149869972002165,0.17847363041198605,"[-0.55, -0.28]","[-0.00, +0.36]"
V6,0,"+ kun fortid, månedlig (=B)",769,94.74694253867976,105.0481148976262,106.49428282422672,84.55770991158377,1.3579770559021154,,,,
C,0,B + trening fra mars,225,95.5725758439815,107.65971567012744,106.49428282422672,97.42658685328624,-1.0943618896653184,0.8256333053017357,2.611600772501234,"[+0.40, +1.29]","[+1.99, +3.23]"
C2,0,ukentlig + trening fra mars,170,95.3415016665828,107.41255520909131,105.96797829721682,93.08116309079315,-1.3632202247199299,0.5945591279030396,2.3644403114651027,"[+0.17, +1.11]","[+1.78, +2.92]"
D,0,B + måneder historikk,241,93.98293704182724,104.56641780634149,106.49428282422672,91.58236609147826,1.8102990759299664,-0.7640054968525192,-0.4816970912847154,"[-1.08, -0.47]","[-1.16, +0.16]"
V3,1,+ uten antall-feature,329,94.50261636491125,101.90973815709194,107.06114621786382,83.40485731951763,4.811650391159683,0.1743097817252135,-3.2708071188738614,"[-0.07, +0.44]","[-4.44, -2.18]"
V4,1,+ nye treningsrader,430,94.16326592518907,103.01542623164143,107.06114621786382,82.11150890858401,3.7788872332728096,-0.16504065799696832,-2.1651190443243706,"[-0.37, +0.05]","[-2.83, -1.51]"
V5,1,"+ kun fortid, ukentlig",440,94.36540269633748,104.75400632746928,105.96797829721682,81.91427754706896,1.1456026520979878,0.03709611315144912,-0.4265389484965141,"[-0.12, +0.20]","[-0.76, -0.13]"
V6,1,"+ kun fortid, månedlig (=B)",673,94.32830658318603,105.1805452759658,106.49428282422672,84.98626273134829,1.2336226071678391,,,,
D,1,B + måneder historikk,304,93.93272579361538,104.68373224682459,106.49428282422672,93.08516851437163,1.7001387580500626,-0.39558078957065845,-0.49681302914120806,"[-0.69, -0.07]","[-1.18, +0.15]"
V4,2,+ nye treningsrader,500,94.44942402766254,103.32825500838999,107.06114621786382,83.49627629510789,3.4866908690456166,-0.6252256461221748,-1.8551422124211001,"[-0.91, -0.33]","[-2.72, -1.04]"
V5,2,"+ kun fortid, ukentlig",492,94.41876965302345,104.95057008445183,105.96797829721682,83.94053475077257,0.9601091094815328,-0.6558800207612734,-0.232827136359262,"[-0.86, -0.46]","[-0.42, -0.05]"
V6,2,"+ kun fortid, månedlig (=B)",498,95.07464967378472,105.18339722081109,106.49428282422672,86.44561520621505,1.2309445809211228,,,,
D,2,B + måneder historikk,457,93.99505596105325,104.33509261192995,106.49428282422672,91.85812207603053,2.027517492052222,-1.0795937127314659,-0.8483046088811363,"[-1.60, -0.56]","[-1.66, -0.11]"
