variant,måned,seed,MAE,baseline_MAE,trær
D,2025-03,0,91.46048293265956,93.18543833333334,47
D,2025-03,1,92.00374591259266,93.18543833333334,52
D,2025-04,0,81.98888665940245,81.580525,31
D,2025-04,1,81.64843007356035,81.580525,26
D,2025-05,0,92.01538627713163,92.10377333333334,67
D,2025-05,1,91.92845383104651,92.10377333333334,144
D,2025-06,0,87.68521362630428,89.07488833333333,265
D,2025-06,1,88.05896355562435,89.07488833333333,258
D,2025-07,0,88.00156046799894,87.93149333333334,126
D,2025-07,1,86.91247497161702,87.93149333333334,75
D,2025-08,0,98.12699164422256,96.70715166666666,30
D,2025-08,1,98.19731516955969,96.70715166666666,23
D,2025-09,0,95.99121487682984,93.117685,58
D,2025-09,1,95.80926334526029,93.117685,53
D,2025-10,0,96.94528981125319,97.417695,191
D,2025-10,1,96.87866161353597,97.417695,407
V3,2025-03,0,92.1976602264071,93.18543833333334,39
V3,2025-03,1,92.85757831849325,93.18543833333334,39
V3,2025-04,0,82.43008779133874,81.580525,22
V3,2025-04,1,82.3099377663317,81.580525,21
V3,2025-05,0,92.09586679805443,92.10377333333334,85
V3,2025-05,1,91.93513811561613,92.10377333333334,46
V3,2025-06,0,88.41319257876543,89.07488833333333,144
V3,2025-06,1,88.556187940205,89.07488833333333,69
V3,2025-07,0,86.20741921308148,87.93149333333334,58
V3,2025-07,1,85.53868535475878,87.93149333333334,71
V3,2025-08,0,97.55986861968688,96.70715166666666,28
V3,2025-08,1,97.72971169432715,96.70715166666666,38
V3,2025-09,0,94.27749565305471,93.117685,28
V3,2025-09,1,94.2408068153258,93.117685,37
V3,2025-10,0,97.39102842908991,97.417695,180
V3,2025-10,1,97.432177018299,97.417695,140
V4,2025-03,0,91.93458612879019,93.18543833333334,38
V4,2025-03,1,91.73273117560555,93.18543833333334,40
V4,2025-04,0,82.22811945151528,81.580525,22
V4,2025-04,1,82.48712428853567,81.580525,25
V4,2025-05,0,91.36577281007017,92.10377333333334,57
V4,2025-05,1,91.48544004128057,92.10377333333334,50
V4,2025-06,0,87.97491236060362,89.07488833333333,194
V4,2025-06,1,88.05003205597234,89.07488833333333,186
V4,2025-07,0,86.04317548327553,87.93149333333334,64
V4,2025-07,1,86.82514115261253,87.93149333333334,55
V4,2025-08,0,97.1953285430153,96.70715166666666,25
V4,2025-08,1,97.47358129983357,96.70715166666666,22
V4,2025-09,0,94.3095572133409,93.117685,45
V4,2025-09,1,94.28401345121614,93.117685,68
V4,2025-10,0,97.48503293438539,97.417695,283
V4,2025-10,1,97.50846854050425,97.417695,255
V6,2025-03,0,91.32087703231223,93.18543833333334,47
V6,2025-03,1,91.55217304263805,93.18543833333334,48
V6,2025-04,0,82.45630190655902,81.580525,37
V6,2025-04,1,81.4576317728533,81.580525,25
V6,2025-05,0,92.01459836800741,92.10377333333334,86
V6,2025-05,1,92.08126519341148,92.10377333333334,68
V6,2025-06,0,87.73229418795779,89.07488833333333,260
V6,2025-06,1,87.76430393912733,89.07488833333333,299
V6,2025-07,0,86.75221425306178,87.93149333333334,86
V6,2025-07,1,87.70115770742149,87.93149333333334,82
V6,2025-08,0,98.16179102649187,96.70715166666666,29
V6,2025-08,1,98.15374978776083,96.70715166666666,27
V6,2025-09,0,95.80552234387926,93.117685,45
V6,2025-09,1,95.94308110295378,93.117685,51
V6,2025-10,0,98.40354440079771,97.417695,481
V6,2025-10,1,98.00851606569027,97.417695,768
