modell,lead,metode,MAE_s,RMSE_s,innen_1min_%,innen_2min_%
A,alle,Baseline,106.49428282422672,181.93870573368721,49.33074083467185,72.54428851880031
A,alle,Én modell (seed 42),102.58442168455834,170.63336737002402,47.86553291815782,73.13235598012417
A,alle,Seed-snitt (3),102.27408311352382,170.1630022858549,48.023982960896475,73.245777796564
A,alle,Seed-snitt + blanding (w=0.85),101.99251585477467,170.88312611042795,48.5817576389476,73.49181860023859
B,10 min,Baseline,106.49428282422672,181.93870573368721,49.33074083467185,72.54428851880031
B,10 min,Én modell (seed 42),99.85133847619032,165.82909448769166,48.75934614553687,74.02581696583725
B,10 min,Seed-snitt (3),99.19521459449516,165.81535460106426,49.333500061055226,74.3495270568565
B,10 min,Seed-snitt + blanding (w=0.95),99.22659493255144,166.22788351234385,49.457489127473906,74.38128751373742
B,30 min,Baseline,106.49428282422672,181.93870573368721,49.33074083467185,72.54428851880031
B,30 min,Én modell (seed 42),99.76045153983793,166.2116045620277,48.97650313260255,74.12955213646312
B,30 min,Seed-snitt (3),99.11156607844899,166.24001559724866,49.49688148711735,74.44363428861274
B,30 min,Seed-snitt + blanding (w=0.95),99.16337972648998,166.6550194729584,49.606017696621294,74.46823249828576
B,60 min,Baseline,106.49428282422672,181.93870573368721,49.33074083467185,72.54428851880031
B,60 min,Én modell (seed 42),100.07446849505752,167.27653576583415,48.95836268680549,74.099552887912
B,60 min,Seed-snitt (3),99.51485687897691,167.175900509935,49.3936159720461,74.34987929852245
B,60 min,Seed-snitt + blanding (w=0.95),99.57001166724922,167.56875146350797,49.50950348014766,74.36279482627441
