lead_min,del,n,MAE_baseline,MAE_A,MAE_B,B_mot_A_%
10,0-5,357911,60.52412750655889,60.429626359625715,59.18516893864676,2.0593498519633435
10,5-15,448175,86.57275617783232,83.16227366542087,80.51919451107268,3.1782189661887394
10,15-30,479552,117.67562433271053,112.10846581809689,107.31535683304418,4.27542108446104
10,30-60,381692,145.7878132106515,138.4802851513786,133.5879452542888,3.5328782662035874
10,60+,36046,245.78541308328246,227.8278588470288,214.62528435887478,5.794978083439162
30,0-5,357911,60.52412750655889,60.429626359625715,59.181654098365236,2.0651662709837204
30,5-15,448175,86.57275617783232,83.16227366542087,80.53097116081888,3.1640579178826567
30,15-30,479552,117.67562433271053,112.10846581809689,107.52116558788202,4.091841054767487
30,30-60,381692,145.7878132106515,138.4802851513786,133.56366127663142,3.550414320256934
30,60+,36046,245.78541308328246,227.8278588470288,213.79148865338735,6.1609542681371305
60,0-5,357911,60.52412750655889,60.429626359625715,59.33531520405911,1.8108851923958613
60,5-15,448175,86.57275617783232,83.16227366542087,80.98119038322083,2.6226835631923517
60,15-30,479552,117.67562433271053,112.10846581809689,107.95508307753903,3.7047895627231098
60,30-60,381692,145.7878132106515,138.4802851513786,133.7629345126437,3.406514243943215
60,60+,36046,245.78541308328246,227.8278588470288,217.41435942961772,4.570775264320536
