feature,gain_pct
is_holiday,0.07339034684147244
snowfall,0.1098433077642573
route_frac,0.13779654022775076
daytype,0.17206122530441748
hour,0.19179892604821275
direction,0.19307858913421427
hist_mean_sh,0.3250125907003513
hist_std_lsd,0.38609882987990896
is_school_break,0.3994202955163481
precip,0.402117123313432
seq,0.4392740947191671
precip_3h,0.8132125678385033
snow_depth,0.9413368972852835
weekday,0.9444191514667052
hist_mean_lsd,0.9473841818713978
sched_min_from_start,0.961421816299243
n_stops,1.3762558174496757
minute_of_day,1.5615216192442443
hist_mean_lhd,1.620076390000182
wind,2.153481236978672
temp,2.5750272310404743
trip_start_min,3.0517223294036215
daylight_h,4.182351968085696
line,10.353654991925652
stop,24.412019011738924
hist_med_lsdhd,41.2762229199222
