lead_min,metode,MAE_s,RMSE_s,innen_1min_%,innen_2min_%
10,Baseline,106.49428282422672,181.93870573368721,49.33074083467185,72.54428851880031
10,Modell A (før dagen),102.58442168363213,170.63336737128162,47.86553291815782,73.13235598012417
10,Baseline + avvik siste time,104.12591696557479,176.80491057996966,49.18503019885216,73.14861780370276
10,Modell B (sanntid),98.31033449889878,163.98589543925814,49.55224213561774,74.59650717164031
10,"Modell B, én seed (42)",98.89659582751504,164.69447086736184,49.30907797221518,74.31870591108482
10,Modell B runde 1,99.85134579799175,165.82940450715557,49.054642075501825,74.16647880444482
30,Baseline,106.49428282422672,181.93870573368721,49.33074083467185,72.54428851880031
30,Modell A (før dagen),102.58442168363213,170.63336737128162,47.86553291815782,73.13235598012417
30,Baseline + avvik siste time,104.13776704020057,177.07273738964852,49.276965273668296,73.18401809113196
30,Modell B (sanntid),98.34774355292579,164.8068374360552,49.79135551986174,74.70787424502869
30,"Modell B, én seed (42)",98.87919183537407,165.39390482401703,49.483085355200494,74.46341852885095
30,Modell B runde 1,99.76004358403547,166.21192172809126,49.272679666732415,74.27015526812636
60,Baseline,106.49428282422672,181.93870573368721,49.33074083467185,72.54428851880031
60,Modell A (før dagen),102.58442168363213,170.63336737128162,47.86553291815782,73.13235598012417
60,Baseline + avvik siste time,104.60114412793327,177.9612624223929,49.1694728586055,73.04969660251172
60,Modell B (sanntid),98.7417330833951,165.89311853584334,49.669186368717185,74.6711824048243
60,"Modell B, én seed (42)",99.26035798691929,166.5335354090768,49.400367270643706,74.42038633865923
60,Modell B runde 1,100.07421497074046,167.2767737819002,49.25553723898893,74.23692713763725
